0.8322856435611364;0.06745421657352635;0.34303612899171465
0.9701093860384187;0.3049105775114892;0.9013952797876895
0.13710681560680948;0.19244626087597405;0.22772034795837415
0.2800123033317613;0.790685246510426;0.6867421873432701
0.8915230116992172;0.33739707961836196;0.5043144232207087
0.04198551499055714;0.8783071505410676;0.8052518518581265
0.4030024918365207;0.34019937932465794;0.08714811387683308
0.15703993509101577;0.5522870298803558;0.840085182829373
0.49731555714552556;0.30017642781407405;0.6008747277384152
0.5655097494699961;0.6847987100161316;0.5404791233566227
0.7794728139370503;0.13384135247949702;0.33665922188000297
0.07525914772051334;0.3830588964986923;0.7607624461906255
0.015120066855826453;0.034533145693533274;0.6832023427949518
0.8728753232149046;0.0003269812763461166;0.586432997308281
0.5019580689047842;0.6227262299256133;0.4557165768091771
0.7133369339708895;0.4155553222206504;0.16617729813136095
0.10214612117280197;0.9506544285707542;0.9229309646996208
0.028236329953954753;0.5730537740144565;0.005618042634927156
0.6792612842946956;0.07254551044041013;0.8357331907671178
0.8760782702156746;0.10925728554737013;0.59622810327621
0.6954561897095913;0.3855068683615318;0.44653714356009966
0.34653054848506837;0.6598032536446704;0.862667663416386
0.7355611831987989;0.8272812168019148;0.7336225381680322
0.9873326262315817;0.17582556944766325;0.8222483966086506
0.6297509413708016;0.5820483435708514;0.3625446118955341
0.7250758122868931;0.5163124622576575;0.9088639637024901
0.03914774164003543;0.8660892817828262;0.5089512604981492
0.6296690510517414;0.8608516221810378;0.359736566140334
0.37986552068190904;0.38477253043433257;0.2351243738145593
0.1146600304147668;0.5364839127170655;0.6749965617276172
0.019644396613880954;0.5503996632264289;0.6077133872798156
0.38080175011025197;0.7367302950536723;0.8394087665097435
0.004761124934371086;0.6678176064589572;0.9369757427089308
0.44104109035922345;0.7943894188233407;0.035807188122382816
0.5258941749981891;0.5384904565880791;0.11910783251549262
0.2380842780350021;0.5781990880078203;0.862613422560402
0.5852972990681485;0.2907846360204337;0.5032808940936496
0.15396387691332714;0.295167168186123;0.2797723557178199
0.6450668335241381;0.3405199278640656;0.2679240088376129
0.5228991173104224;0.19766467709558222;0.8048753588244988
0.19887391316289993;0.21749397806106963;0.027455227832681728
0.5653459120622236;0.9988801841558881;0.7507456417505589
0.9678016186411488;0.6973742012678424;0.5989760590965711
0.3831657993040727;0.8086042598560984;0.42429164289717936
0.15539505426602862;0.4967273934760529;0.5431465443407407
0.6573374374480151;0.3362765590569533;0.2044178625598969
0.15558016120562435;0.0541045639832598;0.09664515865413881
0.42243196896565616;0.7720807869828926;0.9407214657222464
0.6351088956209715;0.9115913739805263;0.22449180111538736
0.30595476051205894;0.12175070820911549;0.9683769131981622
0.325905920157347;0.20649556156208737;0.3469275099661129
0.4308751388047558;0.8777958072526245;0.3407966966575615
0.05425205063830418;0.7248342233809802;0.3768528178063294
0.4382176639891441;0.7464420073532583;0.495313340564564
0.25513251072077003;0.7641550262318082;0.3327039853007647
0.8475119733966984;0.669505642148991;0.28021914838859285
0.24312140580225028;0.3223515329641613;0.21706960536190134
0.93682820895314;0.056954251447961624;0.14501934162274976
0.5464746300782509;0.6387566648014732;0.9008989656388509
0.16627422788646895;0.11626980411035048;0.08799386846202528
0.5205234586993065;0.37302162129816463;0.5521857453278171
0.9870870630230398;0.26132416233627986;0.1594225175376427
0.33356914301198903;0.8590901498165022;0.3664460922636169
0.8010761491679432;0.03104375101712642;0.8296685178763369
0.6592725499124857;0.03593177739698805;0.6168305319731177
0.6102948304244259;0.5312276146646778;0.018240198127333795
0.8334457724959446;0.5882984704683539;0.5767939818306954
0.292902323105543;0.3197091327612023;0.9281127183621705
0.042319779881948016;0.26414384601332075;0.3148339700083397
0.6398858070076475;0.6076573103618036;0.5747611075343568
0.2209811291061946;0.19664316530315107;0.3237902053736085
0.21876979355127135;0.4479237209384598;0.20932671707090356
0.5723004659422151;0.23601798785761052;0.594691276640837
0.574822567042941;0.32127198503691756;0.9888909400808168
0.30845683916799604;0.1392349037339824;0.01674598510848435
0.02762911803591417;0.2513470406663284;0.8984590110838703
0.6661085309529575;0.11203422977014887;0.4500559693477727
0.7842580469400225;0.39147609942431805;0.07524985327040479
0.5566537485663535;0.9894754660198353;0.1317126727113911
0.39846247809791;0.02291087049114726;0.39636776381099204
0.17718029696087678;0.2288227660140958;0.8134426787152662
0.4718327752256424;0.9468402598059901;0.7554692482358957
0.1461092734952163;0.12514093370903934;0.0021557938469655147
0.3366233521125046;0.6832608248713358;0.8037204584734413
0.09908903706573569;0.09949066984941535;0.225910159955923
0.5096569716769063;0.6063286163668837;0.16432117294654236
0.880606276518049;0.7547604895942074;0.02671729932554312
0.5527068105342263;0.016681215287793427;0.85255043279856
0.3115613567401273;0.8602615014013949;0.9604128631904999
0.9777828845347085;0.8910612677699932;0.8057040540210659
0.4871223774342659;0.1492932155826604;0.26476159652281317
0.02458913591952705;0.8220174691900134;0.36975377472981663
0.09170404122457709;0.666958260670967;0.2156134697957447
0.6954520881747964;0.23632427212948293;0.6442758957148612
0.33560057078344996;0.9694818287772312;0.8615300238319816
0.5820222206635979;0.9967660098610414;0.08335834521658725
0.41386985185013103;0.8412375884424549;0.3739635337397075
0.46377808185238234;0.7360694425903936;0.5815245445581605
0.91281970713133;0.9391492712183616;0.22523373375066236
0.13471178689623964;0.7408914998089199;0.33916338180400885
0.6580263481669499;0.002632091861569319;0.5039419777076091
0.15069859383166806;0.5874350207636417;0.9772703228376435
0.6950296533410072;0.14589612689247744;0.21672969755357796
0.03395852259504073;0.7198540607480709;0.6061367250481146
0.08802953769876865;0.3663106226512792;0.21102207706826503
0.18553908219885906;0.47679981915757097;0.8778121262588658
0.7904564981624652;0.10559635986801574;0.1084297188333827
0.07955585597026094;0.5569588136196584;0.6987021588057488
0.34513265658469905;0.9435629843019715;0.25551766479004456
0.7530219354328361;0.8749180921019664;0.7942845083116504
0.5137366593710815;0.3630539070323384;0.5881116709785461
0.8275160904966165;0.42487590665674213;0.9845397215995481
0.9803692139384504;0.6602876305283416;0.147982841160605
0.5612453787486074;0.611975048880054;0.7897583244894267
0.9712821787371018;0.6132411940567202;0.4650662772293187
0.8648298640075226;0.34801822214357525;0.4963621363888693
0.9187775559595448;0.5840811740823619;0.9589914569404268
0.8389292705321136;0.8264805083318514;0.7380291267664092
0.37408763373231513;0.8111807794564561;0.8933554874750231
0.7551522087756394;0.7519362330462176;0.3952409459424401
0.021779074848376823;0.49166561469420966;0.015108631453141008
0.043607824062308564;0.25450373458353415;0.8486457584554972
0.003659661071343301;0.36472822288660756;0.6159631176237441
0.1930076176352299;0.7304130473702642;0.7058174615076566
0.5146220989948003;0.16213017941598185;0.9996513177276982
0.8977091382099748;0.5865094450701333;0.003708437128597031
0.37331035758360287;0.204536874815895;0.41764386746109494
0.289524916838814;0.5443913760691323;0.9336397477706158
0.6189117978359443;0.7696091660850017;0.13530660472641443
0.13704831004747775;0.6495961988960085;0.263154059589501
0.18511196244870154;0.9907500730703739;0.3746074459501958
0.5928426593094253;0.018885484956257526;0.533761991360722
0.8430372348429265;0.2876373431306506;0.7472216787662972
0.8288393400322884;0.4368540130475008;0.22004447811063632
0.6957198925103584;0.9656016893683818;0.912123438256861
0.9363291724861311;0.49729607659050523;0.1610396257446577
0.8879325681745242;0.177974979001028;0.32814508879276205
0.6540678012985754;0.5028651576816154;0.9684145203372383
0.8771093619540312;0.3090900258993694;0.251163859811797
0.44967211802360796;0.550028776245372;0.5349467484485702
0.2629691248755527;0.14545080728714854;0.22589529230644723
0.05821575913944477;0.459298714480889;0.6468204993198737
0.6134048266942562;0.14672231758906318;0.6693035214231183
0.9639593743293366;0.5082982059886333;0.7417058785855356
0.07168009969240663;0.9116554726911268;0.10565316788807644
0.3431014256179594;0.9430033268876031;0.4063541383398964
0.9971046524374002;0.3298375612787061;0.8296775965932367
0.6177567648974767;0.3691303631117665;0.4906115302769335
0.26747497358368433;0.870003227811448;0.9517197921425611
0.6989642458791163;0.4038566447985448;0.0371360091235895
0.2691701519856161;0.4618922618296859;0.30071177394129667
0.17134774001039843;0.9636784292761493;0.7089468406007147
0.7250328449379091;0.22163710230822886;0.5882791968950631
0.45802843816228134;0.7193823906955942;0.11949080456888295
0.8476278275410609;0.2783451266883302;0.08214614897426564
0.5327819018758904;0.7030732020472578;0.8760492376235434
0.5736971075688085;0.29957024948827915;0.7511825540502919
0.7348101149945889;0.7551194153759768;0.4539484508536533
0.9876806885629938;0.35272313030629265;0.3553490334742416
0.6368755326744026;0.9584889281882378;0.5680222411618939
0.6645316464234204;0.9259549874869606;0.6953155667079081
0.7860000751479584;0.5438324898832554;0.006327532650710399
0.34723743243165117;0.7535696442205418;0.7188546390014205
0.2592218536548583;0.5566486169233286;0.6920946750587307
0.4740522479434929;0.7324927512060451;0.702432839557781
0.6576133063495854;0.6080174766541439;0.4148783305018223
0.9974639032910582;0.49268773169218405;0.7778969072505885
0.07611958226720461;0.9413796189507592;0.99625946094354
0.8054831081912094;0.49019223644257004;0.9492526267157686
0.18941476705067395;0.552008759383179;0.2980163633814139
0.7414168834692962;0.20616078133187365;0.3494029514530729
0.4726160847338875;0.616800690500517;0.5884181682575919
0.04737516202270342;0.16659520129518868;0.9209280054287045
0.5415599009950247;0.6707988312477106;0.8154605305906573
0.7590791351148569;0.9678242587080262;0.9404454032096018
0.35293084373141115;0.7326396820452343;0.023526070319826564
0.9239330288124886;0.5907664898899865;0.24627727179975956
0.48698325642336915;0.10067763979622157;0.17679851959389659
0.5811453074611312;0.7044211735103327;0.8903158693588599
0.7765224863562743;0.4049395576733733;0.47239089959806324
0.7102886395231343;0.7106121097781528;0.228181037537461
0.553775684141694;0.8024975296096966;0.619457822434519
0.04000561680613912;0.16535543165812894;0.6362680403696391
0.5154506640024513;0.8807394226276752;0.12011241641564385
0.25288988129342593;0.34354481165499906;0.9886539111267311
0.7238584581605106;0.49262899487433;0.79462249335925
0.7207987342615997;0.06461456866708293;0.9998289804425782
0.41067465670304926;0.4173638193143666;0.9744578372894092
0.427391828169853;0.9561988428878917;0.044182279303925154
0.846072228516798;0.5426838094381762;0.1208415146484102
0.23952759801346946;0.17303371851701588;0.2701997869740672
0.9270477142362501;0.27339566563288464;0.3781103105179967
0.37011562547654564;0.7256921428514678;0.42964171577144583
0.5794041845090494;0.8764627244395515;0.8246031582110607
0.630326548604925;0.7561519574913076;0.07236966231166608
0.5588933377833041;0.8318774215425259;0.4290451637383782
0.35654104961417155;0.9581988294279541;0.21317570047795142
0.7916452623485729;0.8558057559833477;0.036037204448772564
0.886803955042366;0.3768004072791772;0.3272596042793652
0.47495624726162655;0.19399725125202838;0.7127298888805518
0.31439040816101393;0.9545275926100706;0.7321907908090314
0.5186633603848994;0.31800418121097285;0.4761396899526037
0.2916329623759216;0.7672927593070645;0.2061494647542358
0.3476807291238033;0.8904131879371343;0.1963676356953964
0.2402768974781807;0.9939470122978011;0.7520389863916724
0.7552942663011198;0.9071527724501381;0.4957232908050835
0.6305751050567874;0.16246634266432314;0.9190261803394333
0.17066795771050614;0.30664165773237684;0.005700652191486744
0.2847733567335593;0.7790634452720889;0.21805888819381325
0.7751040103192908;0.39726832737595275;0.3839275827038042
0.17867319508878687;0.36698828301087805;0.19346625093879954
0.4717642835672965;0.5306670467471822;0.9056736856030989
0.48790985435702017;0.7235621076564065;0.6705224153737498
0.9799076841303583;0.1746806153075986;0.274823636416071
0.6258112206759064;0.7372087406710889;0.26427893772527533
0.941717102868996;0.861731722146043;0.26335439287717566
0.1715701008711864;0.5036278534928239;0.2600393016449851
0.5254680769878848;0.8987729940574588;0.1578827721621453
0.7762789237212037;0.47652941622644873;0.2716939254653058
0.053695341744906866;0.6410324053547689;0.5276251629312596
0.6798107935704858;0.12856699706766395;0.7553434896414588
0.6716598446224914;0.7311170277683405;0.09787611155988096
0.4250346839242678;0.33886369886865986;0.6019862720190173
0.6283573158984452;0.6483106763386546;0.07366029382177752
0.6592678876186311;0.3147827545641225;0.6506313146252787
0.641665257944726;0.3274647150368497;0.926866794306155
0.9607908778070262;0.7778508552769309;0.9417336765787484
0.5524021565431836;0.24436009705775652;0.335425555661765
0.051820134760785175;0.8035495721919527;0.9479102195303222
0.15481810725543166;0.08226556963155951;0.16132683901096112
0.831114949658676;0.8502899054888103;0.38723735538815696
0.49929221425396586;0.1663825166325842;0.0016356044926435498
0.5680939173693714;0.5206881391782513;0.797518620998289
0.17465500737944428;0.7077535181670278;0.3848036552106846
0.8609076964139917;0.877986719011104;0.7277051921420311
0.6759945832380833;0.1430837496967332;0.862958134943355
0.9187577513001723;0.18371683154740948;0.2937348393195812
0.4050016970670347;0.7602644387447564;0.08924171533789882
0.2550990020326188;0.6745495987822837;0.25706192066253875
0.7173283890262124;0.7666256041834827;0.10281227387455627
0.49201282319507467;0.5001224133483904;0.03961552545914393
0.47611943392545586;0.08219683094522179;0.6566597396896889
0.13134198932340035;0.126088823589676;0.2249269811957425
0.652262022160635;0.7709750061509548;0.16732417845595227
0.8080280959383631;0.5703429842032626;0.6009754503656989
0.8291878229372854;0.401672986647031;0.8864355482362298
0.6387374327421055;0.42910513321810784;0.5512668900368389
0.2739716752410366;0.6442147519592225;0.09742885467570328
0.6844207200990896;0.8250726507594409;0.0897813100664745
0.3483654742155464;0.19254356154009744;0.6506229076682984
0.4936595273980131;0.18965731132606944;0.1347418758392892
0.7688504424077557;0.2994126776546081;0.5650367470749859
0.17871021360604533;0.5523840457686887;0.1432218118745613
0.42486335185102353;0.26333418577915135;0.596797580597583
0.5638625153418471;0.5398603921459164;0.34838375440021385
0.17900964202553515;0.04528868616417003;0.6998741822957432
0.690368392326177;0.6905090868518989;0.0964144177654771
0.6693555308781222;0.23051961716614833;0.06895445875643336
0.18175649324617127;0.5365100490772547;0.2109466546180928
0.299656279506492;0.1755939688331859;0.4382359941630328
0.48778353813044883;0.7428356575198773;0.006471848635577149
0.59274924246846;0.961926675980352;0.46425229561419845
0.21687519183756643;0.822904142093353;0.8773335533750313
0.9016118060013122;0.9615527714111699;0.9039377091570335
0.1489600618955108;0.7712112956476124;0.7572216659755162
0.9205732536225277;0.4865726315746399;0.8031348243115302
0.37396687081510327;0.4060181043968011;0.8767510506578098
0.6546339026765177;0.9014788137124707;0.1514230907348887
0.8629950491885349;0.4621238492922989;0.18250728165550933
0.7605374875076366;0.3140670316225982;0.12640022883132318
0.8425894263055128;0.720550449341157;0.1765673684124891
0.5824614490932026;0.8991673234726555;0.18405537144624706
0.5432493056406442;0.903116280778233;0.22813025710474577
0.07727958042308236;0.18062203740808402;0.13207671406690313
0.7152018072297721;0.1718287243911829;0.3159656068414024
0.30591681993751685;0.507892867809383;0.9830895614331174
0.7916543221234872;0.42089475387899344;0.6606773233620921
0.7164809366231447;0.7078105620511664;0.07152840690255635
0.7218862277366981;0.4804510204885504;0.9523349015412477
0.7144526562301289;0.22869408468923158;0.8211288389723227
0.18606606025384276;0.20667219721559893;0.2790936403353038
0.427023010423513;0.8005850774469572;0.2500912598285806
0.5371808712837982;0.7606903588561862;0.5941236354994277
0.8364247113027318;0.07586852230201135;0.2854109448891471
0.749182899125658;0.4425251616528145;0.8789807126670841
0.8340748224587932;0.7380530949404166;0.28641793460835996
0.9698149763322332;0.5267343419820929;0.40344521607944983
0.6259553475855516;0.638682179761988;0.65048973638238
0.7304804157281414;0.1832628685858474;0.8462519509991261
0.6764667759630423;0.55440881254557;0.7195238457848213
0.8053652935309004;0.5471825324046706;0.894376969798568
0.9651523026410374;0.5630869602993246;0.0876909007949459
0.9080098811658207;0.07964152756133436;0.39177718263073624
0.578459397017149;0.3719089256382121;0.06351628435738654
0.8630614891472248;0.6929767727344736;0.9610679502067453
0.3599028980888054;0.8280799383192339;0.7238166066429798
0.6799871225126227;0.989736114424762;0.32547361371522354
0.8184103678420915;0.02583872281295574;0.7314066043281675
0.03408142010697124;0.49698213932308544;0.3697233604033041
0.32455037073110893;0.12313072986602591;0.7592184918110251
0.11273500278947779;0.1623151236704945;0.9879933113501332
0.010395178157135532;0.06898278075504649;0.913143595268562
0.8412033095979338;0.9112113849407371;0.1862427861023347
0.813645245684784;0.9505271238191961;0.9373651185393267
0.5299018884639096;0.27452523608475576;0.744195388578951
0.8442791142574724;0.1474572000803075;0.7277682063661934
0.09231878112527114;0.48497010983789113;0.4849258850935654
0.05097709168860087;0.49020230052936187;0.43317239253607454
0.7520196999690126;0.6330602288785966;0.490278349122491
0.22745863113070142;0.48357210919803273;0.1239549688994902
0.24960399235326236;0.9919480368699876;0.8643397234008777
0.34362367416464545;0.8106067692090595;0.18761165734221752
0.7314875372750957;0.15360384015442063;0.5653092888411348
0.3633980962681066;0.37695376805001557;0.49935786102816715
0.4378416729964245;0.8567115488387076;0.6295009909952202
0.25891661496076424;0.2944373593230162;0.26829875556014926
0.7072835971795105;0.45209893916399824;0.5324038819109284
0.6727458865683413;0.5787210225089224;0.07842170451459307
0.9838826227433207;0.49195940205521127;0.6085924962980155
0.18995306981823457;0.6597256460641012;0.27635228643266685
0.3254921966051614;0.7581030185888366;0.4014344831649942
0.7615493325456907;0.43765110985778266;0.5446700152743452
0.2366542678040917;0.4268271073183445;0.7191762265857478
0.3026509924618006;0.25673567175257417;0.009690580790142622
0.07641623057451019;0.476359671101269;0.3063084267523296
0.9940678812676509;0.02289756692769962;0.7418151529783714
0.7948670801452548;0.3351764301508273;0.8275377632022436
0.7925393353213089;0.7504242846355124;0.19351141649825065
0.9261191214516339;0.4993505838862645;0.054748080664197896
0.8398736525999856;0.7227976811734651;0.9441487864779581
0.7158425956189381;0.9176006329011368;0.8896228607171174
0.34686782515532266;0.4728629253735507;0.3325012338661303
0.9948302729630021;0.02495620741255078;0.11003929481965646
0.6031291225731994;0.14179847842763338;0.6307595130299957
0.4928359089524771;0.7802582772199932;0.08117102779837126
0.04089178760475498;0.45872068979897695;0.14074302350921897
0.3096359207330798;0.20981125265491252;0.7944272157020517
0.5280990284728436;0.25375225559913916;0.4023283636898478
0.35324579049329186;0.0736468701246712;0.7251263610838161
0.41877428214582746;0.7485059384077081;0.838059636679022
0.08366542011417188;0.413548638846163;0.6782736241296412
0.2104206602059585;0.1428857523195194;0.4829207131703034
0.20759198157694092;0.8500588832997258;0.604890709393098
0.7301252143344955;0.16023440368082675;0.56800245330437
0.8672395798787838;0.3799378696723037;0.8681168845850504
0.6549861464444168;0.6184337971226457;0.41746550938471216
0.9739817857763652;0.18641690657415366;0.21260362617288753
0.516806480905344;0.991056530711144;0.3141702760680859
0.23230093814255603;0.4380218751383983;0.5585844809443715
0.8623523903898459;0.2443171834796556;0.8107787308420462
0.08774211587837744;0.6306260607275191;0.0013176000898966755
0.5636885826070113;0.8960044774510598;0.3102395726439465
0.9328071104711477;0.3861891657370049;0.42719484217347314
0.5132703096633646;0.7171741741119966;0.9673082968562078
0.830218633436156;0.20414170836433376;0.6437279426158306
0.5992221543331013;0.2632470348019261;0.6705305569197901
0.23561561111316576;0.4993598867320602;0.05862730838774288
0.756765924275877;0.7053182318874601;0.7167610150465465
0.8325332215369895;0.14308600784374792;0.807452201761501
0.9963119135921767;0.6846563487252081;0.767095120611657
0.558146623171663;0.10783061209438405;0.06865021745841371
0.1802672444500233;0.6294581638774361;0.7446872652037417
0.5711706487303632;0.7469098041044252;0.9800150127468279
0.14092227580791417;0.21679540953722598;0.7246664846803625
0.7219061225739137;0.9688523400881444;0.351996321729233
0.22474508384941283;0.4112346374999557;0.3312133269946175
0.9822827097057816;0.8334307837670364;0.9240906048761809
0.9933472051956216;0.09355322646879005;0.4387406222436213
0.6971530265687286;0.9150606716157579;0.7073593121682409
0.6752725085642342;0.0758430387083634;0.09082937159763316
0.2710667729224745;0.6682038948870859;0.3973394666718303
0.30383872382538524;0.5729486745307618;0.9617793808161362
0.4350665912477131;0.42808636927662347;0.20690443389502722
0.18798612760042832;0.6449989636384856;0.0038248704706925762
0.4627229979315569;0.04857968481794772;0.9274850699251209
0.7879227312564896;0.06608455104284128;0.06244892783315392
0.4901336094907619;0.798670533881211;0.12772078874200998
0.17662587984681655;0.7452505007375577;0.3975774198048905
0.12286296028657095;0.4840787607273166;0.44033711101029327
0.8406424605387267;0.021552132626858844;0.8064661188212928
0.026773975005586093;0.35330301134205533;0.0275990813954593
0.6554027684960403;0.9060367169114469;0.17916435181062795
0.9251134480960088;0.37394064002512883;0.12158458990890408
0.7044464807264059;0.7542141825256523;0.4072914876007323
0.15685387439674692;0.7419894319492526;0.9836408886175149
0.4676356237382684;0.042532198393696374;0.8478140605478673
0.8549867645018948;0.22102534573327448;0.6577194868156513
0.8955870816053427;0.023866994602848468;0.9999512965340049
0.14370542833820865;0.41285240655842204;0.5881708214636672
0.5876304135310046;0.24293908074584725;0.6268598086617369
0.12163822504127564;0.3884364120066611;0.3160959715420587
0.005583926066046074;0.8907377673595117;0.3363026658311272
0.5328636598684326;0.3703718788906626;0.7374264919713849
0.28967018765088914;0.7824648978980224;0.8968086043142044
0.056503015861044226;0.7700358939817826;0.4337991692795853
0.5879333831147966;0.43536933974577774;0.8170998008766953
0.3952162481252719;0.4134908168045145;0.9162053003214878
0.40753089021624633;0.17203959380740708;0.014426585410502013
0.8055613854502652;0.5536238587070539;0.25128761706220926
0.14439284395777496;0.4625011923998703;0.970291639248931
